ticker,title,date,score,sub
NVDA,How much is your portfolio down by?,2025-04-18,86,stocks
NVDA,What will be the fate of Semiconductors and Tech?,2025-04-18,1,stocks
NVDA,Looking for General Opinions on My NVDL Position,2025-04-17,0,stocks
NVDA,"Interesting Stocks Today (04/17) -  Cars, Chips, and Cures",2025-04-17,2,stocks
NVDA,"My 30+ Year Global Macro Portfolio ‚Äì Designed to Survive Pandemics, Crashes, Wars‚Ä¶ and Still Grow",2025-04-17,0,stocks
NVDA,OpenAI Just Showed Nvidia Bear Case Misunderstands the Reality of AI Scaling - $NVDA,2025-04-16,14,stocks
NVDA,"After surge to record highs, gold overtakes 'Magnificent 7' as the most crowded trade on Wall Street",2025-04-16,447,stocks
NVDA,"NVDA export to China is fully blocked, H20 ban + Q1 loss of 5.5 billion, I made $18.5K in shorting",2025-04-16,0,stocks
NVDA,(04/16) Interesting Stocks Today - He who controls the (NVDA) chips controls the universe,2025-04-16,21,stocks
NVDA,Nvidia says it will record $5.5 billion quarterly charge tied to H20 processors exported to China,2025-04-15,941,stocks
NVDA,NVDA down 5% in 10 minutes,2025-04-15,1421,stocks
NVDA,Netflix Stock Pops After Report Streaming Giant Aims To Double Revenue by 2030,2025-04-15,431,stocks
NVDA,"Interesting Stocks Today (04/15) - China says ""No Boeing.""",2025-04-15,109,stocks
NVDA,Am I in a good position?,2025-04-12,0,stocks
NVDA,Stephen Miran -&gt; Hudson Bay Capital Management -&gt; Ross Gerber,2025-04-11,10,stocks
NVDA,I warned everyone tariffs were a negotiating tactic 5 days ago. Nobody listened,2025-04-09,0,stocks
NVDA,Which of these should I add too which should I take profits,2025-04-09,0,stocks
NVDA,"White House press secretary says ""Americans do not need other countries as much as other countries need us"" as tariff plans move forward",2025-04-08,2199,stocks
NVDA,Are you trying to snipe the dips?,2025-04-08,4,stocks
NVDA,Transferring Accounts,2025-04-08,2,stocks
NVDA,The Stock market is ready to explode!!,2025-04-07,0,stocks
NVDA,"So, what are we all buying today?",2025-04-07,14,stocks
NVDA,What would you do right now if you had $800k to invest from a lottery win?,2025-04-07,19,stocks
NVDA,Opportunity stop crying,2025-04-06,0,stocks
NVDA,What will/may happen after next quarterly earnings?,2025-04-06,0,stocks
NVDA,"Convince me not be a bear now, Part 3.",2025-04-05,7,stocks
NVDA,What stocks to buy now?,2025-04-04,0,stocks
NVDA,Interesting Stocks Today (04/4) - China Strikes Back,2025-04-04,6,stocks
NVDA,Tariffs will be negotiated away. Buy as much stocks as possible!,2025-04-04,0,stocks
NVDA,"Apple sheds $300 billion in tariff-fueled sell-off, on track for worst drop since March 2020",2025-04-03,213,stocks
NVDA,Interesting Stocks Today (04/3) - Liberation Day,2025-04-03,0,stocks
NVDA,Nvidia Stock Is Falling. Not Even Chip Exemption Saves It From Broad Slump.,2025-04-03,0,stocks
NVDA,Should I set a sell order right now for the morning and rebuy lower?,2025-04-03,0,stocks
NVDA,The AI trade is far from over.,2025-04-02,11,stocks
NVDA,Bought NVDA at the wrong time? Not sure what to do next,2025-04-01,0,stocks
NVDA,Fiber Optics: My Long-Term Thesis on the Most Underappreciated Backbone of the Digital Era,2025-04-16,16,investing
NVDA,Not financial advice but would like opinions,2025-04-11,8,investing
NVDA,Help! investment advice - struggling to know what to do with shares,2025-04-09,0,investing
NVDA,19 y/o - what should i do w 3k?,2025-04-08,0,investing
NVDA,How should I structure my investing during this time?,2025-04-07,0,investing
NVDA,Any recommendations on what to do with 60% down?,2025-04-06,1,investing
NVDA,Buying the Dip? DCA or crystal Ball?,2025-04-04,0,investing
NVDA,What does it mean when an entire option chain has lower Asks than Bids?,2025-04-04,7,investing
NVDA,How does an ETF like NVDL work?,2025-04-04,0,investing
NVDA,New investor - Buy in timing regrets,2025-04-04,3,investing
NVDA,"What should I do with my investments in this market? 22 y/o, long-term focus, starting full-time work soon",2025-04-03,0,investing
NVDA,Power solutions to increase in AI production,2025-04-03,0,investing
NVDA,Nvidia Stock Is Falling. Not Even Chip Exemption Saves It From Broad Slump.,2025-04-03,155,investing
NVDA,Portfolio Thoughts Requested,2025-04-02,0,investing
NVDA,Advise on whether to sell META,2025-03-31,0,investing
NVDA,Investment Guidance Needed,2025-03-30,0,investing
NVDA,Everyone's flooding Reddit with AI-generated memes and images‚Äîwho sells the hardware to store it all?,2025-03-27,69,investing
NVDA,Rate my portfolio. All in M1,2025-03-26,0,investing
NVDA,Reallocating Funds. How should I invest for the next 10 years to retire early?,2025-03-26,1,investing
NVDA,Opening an individual brokerage account,2025-03-24,1,investing
NVDA,Would this violate the wash sale rule?,2025-03-15,16,investing
NVDA,Post your portfolio and rate others,2025-03-11,0,investing
NVDA,"2-fund, 0% TSLA, VOO replacement (aka, the F'ELON fund)",2025-03-11,0,investing
NVDA,Why the fuck does Waste Connection ($WCN) has a P/E of 84.06?,2025-03-10,27,investing
NVDA,Re-allocating funds in self managed Roth IRA,2025-03-05,3,investing
NVDA,Start MSFT Position or Add to SCHG?,2025-03-03,4,investing
NVDA,Which companies/funds will be hit hard in next major market downturn?,2025-03-02,62,investing
NVDA,help with basic aspect of yahoo finance: percentage of a stock relative to the portfolio,2025-03-02,12,investing
NVDA,Mercury could potentially be even more disruptive than DeepSeek R1,2025-02-28,16,investing
NVDA,"CSCO should have the biggest % gain this year among big caps, but...",2025-02-28,16,investing
NVDA,Self managed traditional IRA account with many small positions,2025-02-26,1,investing
NVDA,Long Term Individual Stocks,2025-02-26,1,investing
NVDA,NVDA earnings expectations are way too high,2025-02-26,182,investing
NVDA,Rolling and deploying 200k from an old 401k into my tIRA,2025-02-24,1,investing
NVDA,Time to exit or trim my positions?,2025-02-22,3,investing
NVDA,ok with this loss,2025-04-17,59,wallstreetbets
NVDA,Nvda yolo,2025-04-16,128,wallstreetbets
NVDA,$NVDA put printing ü§ëüíµüí∏,2025-04-16,408,wallstreetbets
NVDA,Could the exemption actually be bad for big tech,2025-04-13,347,wallstreetbets
NVDA,Monday market crash confirmed with 2 minutes of research,2025-04-13,6667,wallstreetbets
NVDA,For those who bought $NVDA puts,2025-04-12,387,wallstreetbets
NVDA,this time i go options‚Äî$62K long,2025-04-12,97,wallstreetbets
NVDA,NVDA 150c 4/17 YOLO,2025-04-12,33,wallstreetbets
NVDA,90 Day Tariff Pause Trade,2025-04-11,32,wallstreetbets
NVDA,I all-in'd and held 400k in UVIX for 6 months. I finally sold.,2025-04-11,5732,wallstreetbets
NVDA,Robinhood issue or a me issue?,2025-04-10,9,wallstreetbets
NVDA,Call me the diamond claw grizzly,2025-04-10,1027,wallstreetbets
NVDA,My first foray into options,2025-04-10,30,wallstreetbets
NVDA,The grizzly is wounded... But far from dead,2025-04-09,350,wallstreetbets
NVDA,I‚Äôm scared papa,2025-04-09,30,wallstreetbets
NVDA,TQQQ Short Put $1140 within minutes,2025-04-09,18,wallstreetbets
NVDA,From $2k -&gt; $108k trading the market swings in the past week.,2025-04-09,1590,wallstreetbets
NVDA,Lost 150k on the twist today!,2025-04-09,408,wallstreetbets
NVDA,Portfolio back to green. Gonna sit on cash for a bit. Thank youü•≠,2025-04-09,43,wallstreetbets
NVDA,WHAT A BAILOUT,2025-04-09,2814,wallstreetbets
NVDA,Hold onto your butts,2025-04-09,40135,wallstreetbets
NVDA,I‚Äôm the GOAT,2025-04-09,18,wallstreetbets
NVDA,Calls on Luigi?,2025-04-08,3053,wallstreetbets
NVDA,Tariffic returns today,2025-04-08,45,wallstreetbets
NVDA,Pretty good day when you can make money long and short! +$1172 on NVDA calls and +$4972 on SPY puts. Timing is key.,2025-04-08,35,wallstreetbets
NVDA,$600 - $28k Gain! ü§ò,2025-04-08,67,wallstreetbets
NVDA,Some people call me the Grizzly,2025-04-08,48,wallstreetbets
NVDA,Bulls in shambles?,2025-04-08,58,wallstreetbets
NVDA,Had us in the first half not gunna lie,2025-04-08,805,wallstreetbets
NVDA,"Quantum Computing Stocks Climb as Rigetti, IonQ Tapped for Department of Defense Program",2025-04-07,30,wallstreetbets
NVDA,$150k gain today. Played the SPY and QQQ bounce,2025-04-07,263,wallstreetbets
NVDA,"SPY NVDA...Come On In, The Water Is Warm!",2025-04-07,41,wallstreetbets
NVDA,Full port into these longer dated Nvidia calls,2025-04-07,22,wallstreetbets
NVDA,I thought this was a mistake. Little did I know. Pulled out at the right time.,2025-04-07,317,wallstreetbets
NVDA,Nearly $300K Profit in 48 Hours,2025-04-06,588,wallstreetbets
AMD,What will be the fate of Semiconductors and Tech?,2025-04-18,2,stocks
AMD,"Interesting Stocks Today (04/17) -  Cars, Chips, and Cures",2025-04-17,2,stocks
AMD,(04/16) Interesting Stocks Today - He who controls the (NVDA) chips controls the universe,2025-04-16,20,stocks
AMD,"Trump &amp; Lutnick‚Äôs Semiconductor Tariff Chaos: A Bull Trap, Insider Trading, and Market Manipulation Exposed",2025-04-14,480,stocks
AMD,Would you change anything on my list if you invested today?,2025-04-13,0,stocks
AMD,Am I in a good position?,2025-04-12,0,stocks
AMD,AMD in the dip,2025-04-07,6,stocks
AMD,Panic? What's your opinion?,2025-04-04,0,stocks
AMD,Meaning on Aryzta,2025-04-04,3,stocks
AMD,What stocks to buy now?,2025-04-04,0,stocks
AMD,"Tariffs on semiconductors will be starting ""very soon""",2025-04-03,724,stocks
AMD,Strategy advice,2025-04-02,4,stocks
AMD,Life savings crumbling,2025-04-01,0,stocks
AMD,What stocks do you like at these prices (or lower)?,2025-03-30,14,stocks
AMD,Interesting Stocks Watchlist (03/26) - GME follows MicroStrategy's Strategy,2025-03-26,17,stocks
AMD,"Thoughts on META, HOOD, AMD?",2025-03-21,0,stocks
AMD,SoftBank to acquire chip designer Ampere in $6.5 billion deal,2025-03-20,68,stocks
AMD,Looking to get into some more AI/Data Center stocks. Which of these 4 stocks do you think have the best outlook for the future and profits?,2025-03-19,4,stocks
AMD,These are the stocks on my watchlist (03/12),2025-03-12,11,stocks
AMD,"TSMC pitched Intel foundry JV to Nvidia, AMD and Broadcom",2025-03-12,28,stocks
AMD,Intel (18A) to take stake in Nvidia Chip production,2025-03-12,61,stocks
AMD,What do you guys think about AMD at this price point?,2025-03-11,93,stocks
AMD,I have 500k in cash. Here‚Äôs what I‚Äôm buying in the 2025 crash,2025-03-07,0,stocks
AMD,"These are the stocks on my watchlist (03/7) - Jobs, Chips, and Lunar Landers",2025-03-07,0,stocks
AMD,"U.S. Futures Drop Hard ‚Äì Marvell Tanks, Tariffs Shake Markets",2025-03-06,1013,stocks
AMD,AMD vs NVIDIA,2025-03-05,0,stocks
AMD,These are the stocks on my watchlist (03/5) - Trump's Speech Dissect,2025-03-05,10,stocks
AMD,Why do one-day comparative performance graphs not start at 0%?,2025-03-04,8,stocks
AMD,At what % do you start DCA ing your red positions?,2025-03-04,34,stocks
AMD,Reddit picks winners!,2025-02-27,0,stocks
AMD,These are the stocks on my watchlist (02/27),2025-02-27,5,stocks
AMD,These are the stocks on my watchlist (02/26),2025-02-26,39,stocks
AMD,These are the stocks on my watchlist (02/25),2025-02-25,81,stocks
AMD,One word Data,2025-02-24,31,stocks
AMD,Nvidia Earnings Sentiment,2025-02-20,0,stocks
AMD,Help! investment advice - struggling to know what to do with shares,2025-04-09,0,investing
AMD,Calls and Put for beginners,2025-04-09,0,investing
AMD,Is there any hope? Should I HODL?,2025-04-07,0,investing
AMD,Selling Individual Stocks (at a loss) to Have Cash on Hand to put into VOO?,2025-04-04,0,investing
AMD,Everyone's flooding Reddit with AI-generated memes and images‚Äîwho sells the hardware to store it all?,2025-03-27,66,investing
AMD,"Remember the ""AI bubble"" panic of early 2024?",2025-03-27,0,investing
AMD,The situation of the market,2025-03-15,49,investing
AMD,"Thoughts on my portfolio focused on semiconductors, gold, and cloud retail?",2025-03-12,0,investing
AMD,"Nvidia: Rising Competition, Valuation Concerns, and Shifting AI Investments",2025-03-07,0,investing
AMD,AMD vs NVIDIA stock thoughts,2025-03-05,3,investing
AMD,Over 30% of Nvidia‚Äôs revenue is concentrated in 3 customers,2025-02-27,431,investing
AMD,Self managed traditional IRA account with many small positions,2025-02-26,1,investing
AMD,"what you guys think of 40% sp500, 40% SEMG, 20% tech stocks as nvidia ??? for a portfolio for 5 years to 10 years maybe even more",2025-02-23,0,investing
AMD,How do you think the 9th gen graphics cards release will impact AMD stocks?,2025-02-19,4,investing
AMD,Why Estimates For NVIDIA's Q4 Revenue Could Be Dead Wrong: The Case for NVIDIA's Next Blowout Report,2025-02-10,0,investing
AMD,What stocks do you DCA? What tech do you DCA into?,2025-02-07,2,investing
AMD,Intel for the long term hold.,2025-02-03,9,investing
AMD,NVDA: DeepSeek‚Äôs Disruption and the Changing Tech Landscape,2025-02-03,0,investing
AMD,My son‚Äôs account. Holdings with gains.,2025-02-02,99,investing
AMD,What is going on with China's recent developments in quantum computing?,2025-01-30,0,investing
AMD,Tried to warn people about being too heavy into NVDA days before this. You might see a 1 trillion dollar fall in market cap in 1 day soon,2025-01-28,0,investing
AMD,I believe Nvidia's sell-off is justified‚ÄîI think they have lost their MOAT.,2025-01-27,1,investing
AMD,"Major Players in Tech are buys, have you bought in today yet?",2025-01-27,36,investing
AMD,"Google has a great hit with its new feature, AI overview.",2025-01-26,0,investing
AMD,AMD vs. NVDA: Which is the better buy/investment right now?,2025-01-24,76,investing
AMD,Help for simulated stocks competition in my high school econ class,2025-01-21,9,investing
AMD,TSMC: The Backbone of Global AI Chipmaking,2025-01-18,0,investing
AMD,Your favourite stocks that will explode within 1-5 years?,2025-01-18,0,investing
AMD,CES Note On Nvidia (NVDA),2025-01-17,6,investing
AMD,What is your allocation of ETFS versus Individual Stocks and why?,2025-01-13,14,investing
AMD,If you could only buy up to 10 stocks today and keep them for 10-20 years what would they be?,2025-01-13,165,investing
AMD,Questions from a 20-Year-Old Investor,2025-01-12,1,investing
AMD,Is it important for investors to differentiate between value and growth stocks?,2025-01-11,15,investing
AMD,Is Today the perfect time to invest with the market being down or do you expect it to continue falling? What are you guys doing?,2025-01-10,0,investing
AMD,I need an educated opinion on what to do with AMD,2025-01-08,56,investing
AMD,AMD flags $800 million hit from new US curbs on chip exports to China,2025-04-16,636,wallstreetbets
AMD,Lost 150k on the twist today!,2025-04-09,404,wallstreetbets
AMD,Calls on Luigi?,2025-04-08,3054,wallstreetbets
AMD,It's been a great week,2025-04-08,285,wallstreetbets
AMD,TP‚Äôd Puts +$24k and bought Calls yesterday,2025-04-08,176,wallstreetbets
AMD,"From $5K to $42K so fast this year, +35K the last 2 days.",2025-04-05,80,wallstreetbets
AMD,Up 1.6% YTD!,2025-04-04,28,wallstreetbets
AMD,Meaning on Aryzta,2025-04-04,0,wallstreetbets
AMD,Is GOOGL the next AMD?,2025-03-31,107,wallstreetbets
AMD,Account blew up,2025-03-29,314,wallstreetbets
AMD,"Oracle to build cluster of 30,000 AMD MI355X GPUs",2025-03-29,196,wallstreetbets
AMD,Nearly Blew-Up my Account and then Revived it with QQQ Puts.,2025-03-28,105,wallstreetbets
AMD,AMD screwed me,2025-03-27,122,wallstreetbets
AMD,Slow and easy wins the race (with positions),2025-03-25,71,wallstreetbets
AMD,$AMD Generational Opportunity,2025-03-25,431,wallstreetbets
AMD,$AMD The Sleeping Dragon,2025-03-20,63,wallstreetbets
AMD,Could Nvidia's valuation be set to be redefined after GTC?,2025-03-18,3,wallstreetbets
AMD,POSITIONS FOR $800-&gt;$100k,2025-03-18,3329,wallstreetbets
AMD,üëÄ,2025-03-15,27538,wallstreetbets
AMD,The stock price has already dropped by 50% from its peak.What's wrong with AMD?,2025-03-13,3270,wallstreetbets
AMD,Its alive,2025-03-12,30888,wallstreetbets
AMD,100% $AMD Put Portfolio,2025-03-04,13,wallstreetbets
AMD,Advanced Money Destroyer got me good üò≠,2025-03-01,374,wallstreetbets
AMD,Who knew Nvidia and AMD had something in common?üöÄüöÄüöÄ,2025-02-28,213,wallstreetbets
AMD,$AMD got me good üò≠,2025-02-28,7569,wallstreetbets
AMD,Thanks Lisa,2025-02-27,201,wallstreetbets
AMD,+30k SMCI $50p 2/28,2025-02-27,40,wallstreetbets
AMD,All in AMD YOLO,2025-02-26,122,wallstreetbets
AMD,How the last 30 days have been going for me!,2025-02-26,19,wallstreetbets
AMD,Close or Hold SMCI Puts?,2025-02-25,46,wallstreetbets
AMD,Hedging done right,2025-02-25,697,wallstreetbets
AMD,AMD- I AINT HEAR NO BELL,2025-02-22,229,wallstreetbets
AMD,Alibaba and the 23 thieves,2025-02-22,179,wallstreetbets
AMD,AMD turned me into a gambling addict,2025-02-21,240,wallstreetbets
AMD,AMD and MSFT?!,2025-02-15,131,wallstreetbets
ADBE,These are the stocks on my watchlist (03/12),2025-03-12,12,stocks
ADBE,I have 500k in cash. Here‚Äôs what I‚Äôm buying in the 2025 crash,2025-03-07,0,stocks
ADBE,11 Low-debt stocks with high FCF conversion and revenue growth,2025-02-20,9,stocks
ADBE,Switched from Ameriprise managed account to Fidelity - Sell individual stocks?,2025-01-24,2,stocks
ADBE,Adobe seems to be undervalued,2024-12-25,0,stocks
ADBE,These are the stocks on my watchlist (12/12),2024-12-12,103,stocks
ADBE,"These are the stocks on my watchlist (12/11)
",2024-12-11,20,stocks
ADBE,I compiled a list of all 190 stocks and funds from the September 2024 Quarterly Thread,2024-10-20,0,stocks
ADBE,(9/13) Friday's Pre-Market News &amp; Stock Movers,2024-09-13,18,stocks
ADBE,Analyzing the Analysts: Using average analyst price target to identify buying opportunities amongst the top 100 companies in the S&amp;P,2024-08-01,19,stocks
ADBE,"These are the stocks on my watchlist (6/14)
¬†",2024-06-14,57,stocks
ADBE,Adobe shares soar 15% on better-than-expected results ,2024-06-13,279,stocks
ADBE,These are the stocks on my watchlist (6/13),2024-06-13,170,stocks
ADBE,Adobe (ADBE) slowdown concerns could bring it down to $460-$470.,2024-04-08,94,stocks
ADBE,These are the stocks on my watchlist (3/15),2024-03-15,15,stocks
ADBE,These are the stocks on my watchlist (3/14),2024-03-14,18,stocks
ADBE,Do you think companies like ADBE and ADSK will take a huge hit from OpenAI's Sora?,2024-02-16,11,stocks
ADBE,ADBE monetization of AI tools is terribly thought up,2024-01-23,17,stocks
ADBE,(12/14) Thursday's Pre-Market Stock Movers &amp; News,2023-12-14,1,stocks
ADBE,Adobe (ADBE) down 6% after market following poor guidance for the FY2024.,2023-12-13,104,stocks
ADBE,AI is going to kill the Tech Industry,2023-11-26,0,stocks
ADBE,"""Magnificent 7"" vs S&amp;P 500?",2023-11-16,515,stocks
ADBE,Any good media creation companies to invest that benefit from AI?,2023-09-23,3,stocks
ADBE,What Am I Missing?,2023-06-29,0,stocks
ADBE,4 Tech stocks benefiting from the AI boom.,2023-06-21,5,stocks
ADBE,Under Radar tech companies that will dominate AI,2023-06-21,8,stocks
ADBE,I'm up 45% in ADBE. Should I sell?,2023-06-14,61,stocks
ADBE,(6/8) Thursday's Pre-Market Stock Movers &amp; News,2023-06-08,11,stocks
ADBE,"Stock enthusiasts! I've got some hot firefly AI knowledge to drop on you, and it's all about why Adobe stock is about to skyrocket (I hope)!",2023-06-03,0,stocks
ADBE,"ADBE's future looks bleak (imo) AI photo editing, video editing and audio editing programs will be a dime a dozen, and likely Free",2023-03-31,0,stocks
ADBE,AI Strategies,2023-03-22,25,stocks
ADBE,(3/16) Thursday's Pre-Market Stock Movers &amp; News,2023-03-16,8,stocks
ADBE,Adobe lifts profit forecast for fiscal 2023 and beats estimates on quarterly results,2023-03-15,28,stocks
ADBE,(2/24) Friday's Pre-Market Stock Movers &amp; News,2023-02-24,9,stocks
ADBE,Small or mid cap Cloud stocks?,2022-11-24,19,stocks
ADBE,"2-fund, 0% TSLA, VOO replacement (aka, the F'ELON fund)",2025-03-11,0,investing
ADBE,"Every Monday morning I invest $1,885. Here is how I divvy it up, can y'all provide feedback/opinions on my investing strategy please?",2024-12-20,3,investing
ADBE,More and more highly capitalized stocks are reaching their ATH or yearly highs every day or every week... Are you selling those positions? Are you waiting for the momentum to slow down before shorting? Will you buy the dip when these stocks drop by -10% or -20%...?,2024-10-18,0,investing
ADBE,Analyzing the Analysts: Using average analyst price target to identify possible buying opportunities amongst the top 100 companies in the S&amp;P,2024-08-01,5,investing
ADBE,Stocks on my watchlist of Monday,2024-07-14,0,investing
ADBE,Which of these tech stocks should I include in my portfolio?,2024-02-20,0,investing
ADBE,ADBE - New Price Target from Morgan Stanley,2023-07-31,0,investing
ADBE,What Am I Missing in my Analysis?,2023-06-29,0,investing
ADBE,Treasury Stocks and Balance Sheet Confusion,2023-06-05,0,investing
ADBE,ADBE - 2-4 yr outlook? Sell or hold?,2023-05-28,19,investing
ADBE,Anyone else surprised by the deals in this market?,2022-10-04,0,investing
ADBE,Followup- Here are the results so far from my algo's price calculations on the symbols you gave me:,2022-04-28,13,investing
ADBE,Why does this website show the S&amp;P P/E ratio as 24.80 when if you obey market cap weights it's 34x?,2022-01-27,0,investing
ADBE,Using math followed by some due diligence to build an index fund,2021-05-07,90,investing
ADBE,Index funds or stock portfolio?,2021-05-04,20,investing
ADBE,AVLR UPWK SHOP PYPL ADBE - If you believe in ecommerce these are your plays,2020-07-29,17,investing
ADBE,"Critique my 19 stock, long-term hold portfolio to bet on Cloud/Quantum Computing and AI over the next 10 years",2020-05-18,25,investing
ADBE,Ideas once you decide to dip back in - don't want to buy SPY because it could be weighed down by the laggards. Better targted funds? other ideas?,2020-04-01,18,investing
ADBE,Help me narrow my watchlist,2020-03-27,0,investing
ADBE,Top Buys In This Crisis,2020-03-20,2,investing
ADBE,Stocks to buy for Short term during the dip,2020-02-28,0,investing
ADBE,Why does Cramer get such a bad rap around here?,2020-02-12,0,investing
ADBE,"Critique my portfolio. Previously invested only in stocks to get experience, but transitioning to index-investing.",2020-01-11,0,investing
ADBE,Earnings Reports for the Week of Dec. 9-13,2019-12-08,8,investing
ADBE,US stocks / valuations and the next recession - long slow recovery? And what should I do,2019-12-03,0,investing
ADBE,Creating your own index fund,2019-10-03,67,investing
ADBE,Thoughts on the state of the markets and stock watchlist for 8/5 - 8/12 trading week (LONG POST),2019-08-05,57,investing
ADBE,"Adobe earnings beat: $2.74 billion, vs. $2.71 billion as expected",2019-06-21,8,investing
ADBE,ADBE / ANTM long bias,2019-04-14,0,investing
ADBE,Long term stocks to buy as of now.,2019-04-13,2,investing
ADBE,"Adobe $ADBE Tops Q1 EPS by 9c, time to buy, thoughts?",2019-03-14,1,investing
ADBE,ADBE Sentiment trending Up,2019-03-12,0,investing
ADBE,"Adobe dropping 5% after 4th Quarter Earnings, time to buy?",2018-12-14,11,investing
ADBE,Hedging Adobe...,2018-11-16,2,investing
ADBE,Buy the dip? Rotate positions? what do I do,2018-10-12,3,investing
ADBE,Calls on Luigi?,2025-04-08,3055,wallstreetbets
ADBE,"10K YOLO, Weekly ADBE 360P 4/4 Exp",2025-04-01,18,wallstreetbets
ADBE,Successful hectic trading week done,2025-03-21,192,wallstreetbets
ADBE,üëÄ,2025-03-15,27531,wallstreetbets
ADBE,ADBE put Gain,2025-03-13,62,wallstreetbets
ADBE,Its alive,2025-03-12,30884,wallstreetbets
ADBE,Small bet on ADBE,2024-12-18,8,wallstreetbets
ADBE,GUH,2024-12-18,19,wallstreetbets
ADBE,"‚ÄúHey Wife, look what I did today at work!‚Äù -JPOW",2024-12-18,7587,wallstreetbets
ADBE,UNH is fighting for it‚Äôs life in the trenches,2024-12-18,540,wallstreetbets
ADBE,"When the CEO started talking about photoshop and PDF‚Äôs on an earnings call in 2024, puts on open were the only logical choice",2024-12-15,363,wallstreetbets
ADBE,WSB saved me from Adobe,2024-12-13,220,wallstreetbets
ADBE,ADBE Puts‚Ä¶ LFG!,2024-12-12,162,wallstreetbets
ADBE,$GOOG the BFTG,2024-12-09,597,wallstreetbets
ADBE,$APO YOLO BET - S&amp;P INCLUSION - CALLS TO THE WALLS,2024-12-06,28,wallstreetbets
ADBE,Weekly Earnings Thread 12/9 - 12/13,2024-12-06,330,wallstreetbets
ADBE,Jobs Report Tomorrow. 14 QQQ Puts,2024-12-05,6,wallstreetbets
ADBE,$ADBE GOING TO PRINT - $200K - YOLO BET - CALLS TO THE WALL,2024-12-05,34,wallstreetbets
ADBE,Stock ADBE,2024-10-26,0,wallstreetbets
ADBE,I'm the perfect account to inverse. Call WOOF $3.5/3,2024-09-10,37,wallstreetbets
ADBE,28K on ADBE Puts,2024-09-09,115,wallstreetbets
ADBE,S&amp;P100 Seasonality Analysis | Sept-Dec and Sept so far,2024-09-09,48,wallstreetbets
ADBE,Anybody playing ER next week ... PDF and AI PDF ,2024-09-07,6,wallstreetbets
ADBE,The Worst Start of August Since January 2016,2024-08-08,13,wallstreetbets
ADBE,How Terrifying is the Start of August?,2024-08-06,19,wallstreetbets
ADBE,Fed Olympics,2024-08-03,4685,wallstreetbets
ADBE,Powell F*ed Up Again,2024-08-03,4196,wallstreetbets
ADBE,Stolen from a Seinfeld facebook group,2024-08-02,2402,wallstreetbets
ADBE,Today‚Äôs Close üßØüöí‚õΩÔ∏è,2024-07-17,407,wallstreetbets
ADBE,S&amp;P 500 Sectors Today - This is Why Funds Have Been Dumping Tech Stocks For Weeks,2024-07-17,1015,wallstreetbets
ADBE,Mag 7 hit hard,2024-07-11,1267,wallstreetbets
ADBE,50k FDX YOLO Update,2024-06-26,30,wallstreetbets
ADBE,To all that made bank off NVDA pootsüçª,2024-06-22,53,wallstreetbets
ADBE,Lennar Corporation is probably underhyped ahead of earnings.,2024-06-17,15,wallstreetbets
ADBE,The market is NVDA. Put everything on NVDA and retire. Unstoppable stock,2024-06-14,2220,wallstreetbets
VRTX,Looking to balance a mostly FAANG portfolio,2025-02-11,12,stocks
VRTX,Vertex ($VRTX),2025-01-31,43,stocks
VRTX,Analyzing the Analysts: Using average analyst price target to identify buying opportunities amongst the top 100 companies in the S&amp;P,2024-08-01,18,stocks
VRTX,Vertex (VRTX) non-opioid drug shown to kill pain without addiction,2024-01-30,89,stocks
VRTX,Vertex (VRTX) reports positive results for its non-opioid pain killer,2023-12-13,15,stocks
VRTX,CRSP Stock Surges after winning the first ever gene editing approval,2023-11-16,29,stocks
VRTX,VRTX with a best and raise.,2022-10-27,19,stocks
VRTX,"Dow Jones Futures Rise Ahead Of Inflation, Jobs Data; Disney Soars On Earnings",2022-08-11,33,stocks
VRTX,"Stocks Rise Thursday; Meme Stocks Rally, Yield Curve Remains Inverted",2022-07-07,10,stocks
VRTX,20 Recession Stocks From Goldman Sachs,2022-05-18,25,stocks
VRTX,Searing Criticism on ARK's Genomic Bets in FT. What do you think?,2022-02-19,32,stocks
VRTX,"Regeneron (REGN), Thermo Fischer (TMO), Danaher (DHR) and Vertex (VRTX)",2022-01-26,11,stocks
VRTX,What are your favorite stock picks? Recommendations?,2022-01-21,4,stocks
VRTX,I am an Adult Now: Roth IRA Investment Advice,2022-01-10,2,stocks
VRTX,Analysts are more bullish about the market than they were before the crash.,2022-01-10,26,stocks
VRTX,A Basic Screen to Find Large Caps,2022-01-05,12,stocks
VRTX,"Wells Fargo says correction is likely, recommend these 10 safe picks (RH? UAA?)",2021-12-20,1,stocks
VRTX,Why VRTX is a Deep Value Cash-Flow Machine,2021-07-10,84,stocks
VRTX,$NTLA and $REGN announce that they have successfully corrected a hereditary disease with an infusion of CRISPR,2021-06-26,1105,stocks
VRTX,VRTX has a huge drop in the after hours,2021-06-11,9,stocks
VRTX,$TECH Bioteche stock. Upwards since 2000?,2021-06-10,2,stocks
VRTX,ARKs - Daily Trade Information [05/14/2021],2021-05-15,13,stocks
VRTX,"Used a bunch of math to find the best stocks per industry, performed DD on that subset, and provided the steps and the stocks below.",2021-05-10,32,stocks
VRTX,Viatris (VTRS) recommended as one of 5 v undervalued Pharma stocks in Barrons today,2021-04-22,10,stocks
VRTX,"50 tickers in the S&amp;P 500 are at least 15% below their 52w highs. If you put equal capital in all of them, you'd probably be green",2021-04-06,36,stocks
VRTX,VRTX discussion,2021-02-07,9,stocks
VRTX,ACTIVISION/BLIZZARD (ATVI): Today‚Äôs earnings call and some unique numbers make this is an interesting stock I wish I had jumped on.,2021-02-04,64,stocks
VRTX,2/2 Tuesday's Stock Market Movers &amp; News,2021-02-02,10,stocks
VRTX,My Top 5 Growth Picks for 2021,2021-01-11,74,stocks
VRTX,{VRTX} - Is this still a buy?,2020-11-21,3,stocks
VRTX,I used a web-scraper and Python to compile the average portfolio of the quarterly thread:,2020-11-09,52,stocks
VRTX,VRTX,2020-10-19,1,stocks
VRTX,"Here is a MArket Recap for today, Sept 17, 2020. Please enjoy!",2020-09-17,141,stocks
VRTX,buying/securing profit question.,2020-06-26,2,stocks
VRTX,Feedback on Two Trades I Just Made,2020-05-19,1,stocks
VRTX,When will weekly options be available for $VRTX in 2025?,2024-11-22,0,investing
VRTX,"""Strike it big stocks for the next decade"", year 5 retrospective",2024-08-12,63,investing
VRTX,Analyzing the Analysts: Using average analyst price target to identify possible buying opportunities amongst the top 100 companies in the S&amp;P,2024-08-01,6,investing
VRTX,The stock market just doesn't make sense to me,2024-02-06,224,investing
VRTX,Why does this website show the S&amp;P P/E ratio as 24.80 when if you obey market cap weights it's 34x?,2022-01-27,0,investing
VRTX,$NTLA and $REGN announce that they have successfully corrected a hereditary disease with an infusion of CRISPR,2021-06-26,90,investing
VRTX,Using math followed by some due diligence to build an index fund,2021-05-07,87,investing
VRTX,Is Vertex (VRTX) a buy?,2020-11-21,16,investing
VRTX,"Goldman highlights ""The Future Five"" - 5 stocks that have compelling secular growth opportunities",2020-09-21,53,investing
VRTX,"Eleven stocks worth considering today: strong fundamentals, Buy recommendations, (quite) reasonable valuations. AKAM, DG, LMT, MSFT, MRK, UNH, VRTX, WERN, CHE, ICE, CASY.",2020-09-21,167,investing
VRTX,"""Strike it big stocks for the next decade"", year 1 retrospective",2020-07-30,505,investing
VRTX,Trading earnings reporting companies,2020-04-16,2,investing
VRTX,Creating your own index fund,2019-10-03,65,investing
VRTX,"""Strike it big stocks for the next decade"", a serious approach.",2019-08-11,675,investing
VRTX,"S&amp;P 500 Best and Worst, October 2017",2017-11-01,939,investing
VRTX,"Biotech investors: i'm looking hard at VRTX, it looks like a strong buy in my book, can i get some second opinions, missed red flags?",2015-05-18,0,investing
VRTX,"Interested in investing in my future in more ways then one[Vertex Pharmaceuticals, VRTX]",2014-02-25,2,investing
VRTX,Calls on Luigi?,2025-04-08,3061,wallstreetbets
VRTX,Weekly Earnings Thread 2/10 - 2/14,2025-02-07,451,wallstreetbets
VRTX,Vertex Pharmaceuticals Stock Jumps After FDA Approval for New Non-Opioid Painkiller $vrtx,2025-01-31,64,wallstreetbets
VRTX,S&amp;P 500 Sectors Today - This is Why Funds Have Been Dumping Tech Stocks For Weeks,2024-07-17,1020,wallstreetbets
VRTX,How $CRSP Theraputics Gene Editing Is a Possible Mega-Multi Bagger,2024-03-03,205,wallstreetbets
VRTX,"To justify a 2x Revenues mutilple long-term, a company must grow revenues at 20%. Here are all the S&amp;P 500 companies trading &gt; 10x Revenues",2024-02-27,17,wallstreetbets
VRTX,"we are at the top, why is not all green?",2024-02-08,17,wallstreetbets
VRTX,SPECIAL DATES IN MEDICAL HISTORY **NEXT MONTH**= FDA DECISIONS= Dec 8th 2023 FOR $CRSP &amp; Dec 20th 2023 FOR $BLUE-Aprvd in UK Last Week.,2023-11-28,8,wallstreetbets
VRTX,Value stocks cheat sheet,2023-10-30,273,wallstreetbets
VRTX,Hats off to the bulls today. Hope everyone made money!,2023-08-29,822,wallstreetbets
VRTX,One of these things is not like the others... Market close 08/25/2023,2023-08-25,150,wallstreetbets
VRTX,"Insider Trading Weekly Update #035: Oracle CEO Sells $470M, Apple CFO Sheds $11.5M | Ackman Snags More $HHC | Insider Trading Recap",2023-04-19,154,wallstreetbets
VRTX,What happened to Santa?,2022-12-22,5592,wallstreetbets
VRTX,CPI hard at work,2022-11-10,71,wallstreetbets
VRTX,SP500 Heatmap,2022-10-13,314,wallstreetbets
VRTX,One more day of September trading - last day for for guaranteed puts.,2022-09-29,438,wallstreetbets
VRTX,Diversification is Important,2022-09-13,8511,wallstreetbets
VRTX,RIP NASDAQ 100 - Jim Cramer says investors should eye these three tech names in the Nasdaq 100,2022-07-05,23,wallstreetbets
VRTX,Thoughts on the housing market / equities from an old school WSBer.,2022-04-11,26,wallstreetbets
VRTX,"told you guys, but there is still time",2022-04-07,7,wallstreetbets
VRTX,Vertex or VRTX is making moves,2021-12-14,6,wallstreetbets
VRTX,Top BioTech stocks worth watching based on indirect performance indicators,2021-12-06,108,wallstreetbets
VRTX,One Word For You: I Bet I Can Beat the S&amp;P 500,2021-11-17,275,wallstreetbets
VRTX,"Most Anticipated Earning Releases for the week beginning November 1st, 2021 - it's a big one!",2021-10-30,75,wallstreetbets
VRTX,$VRTX $PTON $PDD - Wall Street Says: Buy These 3 Nasdaq Stocks On The Dip,2021-10-11,0,wallstreetbets
VRTX,$VRTX is a DEEP VALUE Biotech Cash-Flow Machine,2021-07-09,23,wallstreetbets
VRTX,SP500 Winners and Losers | 7/2/2021,2021-07-03,11,wallstreetbets
VRTX,SP500 Winners and Losers | 6/30/2021,2021-07-01,5,wallstreetbets
VRTX,SP500 Winners and Losers | 6/15/2021,2021-06-15,3,wallstreetbets
VRTX,2/2 Tuesday's Stock Market Movers &amp; News,2021-02-02,75,wallstreetbets
VRTX,All four CRISPR stocks just reached new all time highs,2020-12-21,70,wallstreetbets
VRTX,"Cathy Woods has been buying a lot of VRTX, NVS, TAK, REGN, IOVA, and TDOC",2020-12-18,76,wallstreetbets
VRTX,Already down $3000 on VRTX but how retarded are the other calls,2020-11-01,9,wallstreetbets
VRTX,VRTX free money,2020-10-19,0,wallstreetbets
VRTX,Market and Options Summary for Oct-15-2020,2020-10-15,5,wallstreetbets
SCHW,Which broker stock has a higher growth potential? HOOD or IBKR?,2025-02-17,7,stocks
SCHW,Banks are kicking into high gears with Beating 3Q EPS Estimates.,2024-10-16,72,stocks
SCHW,"Charles Schwab shares pop on Q3 earnings beat, large transactional cash build",2024-10-15,29,stocks
SCHW,Analyzing the Analysts: Using average analyst price target to identify buying opportunities amongst the top 100 companies in the S&amp;P,2024-08-01,19,stocks
SCHW,$SCHW and market irrationality? ,2024-07-21,47,stocks
SCHW,These are the stocks on my watchlist (7/16)  ,2024-07-16,0,stocks
SCHW,Anyone invest in SCHW last year?,2024-05-17,58,stocks
SCHW,S&amp;P ratings and why I am nervous,2024-03-03,120,stocks
SCHW,IBKR- Interactive Brokers: overview and valuation,2024-01-15,19,stocks
SCHW,"A bit confused, Any help is appreciated :)",2023-10-30,0,stocks
SCHW,(7/10) Monday's Pre-Market Stock Movers &amp; News,2023-07-10,5,stocks
SCHW,Fed - Banks have enough capital to continue lending even if unemployment were to hit 10% and the stock market were to plunge 45%.,2023-06-28,1299,stocks
SCHW,(5/15) Monday's Pre-Market Stock Movers &amp; News,2023-05-15,2,stocks
SCHW,"Charles Schwab (SCHW) reported a big earnings jump Monday, but pauses its share buyback program.",2023-04-17,129,stocks
SCHW,(4/17) Monday's Pre-Market Stock Movers &amp; News,2023-04-17,2,stocks
SCHW,Expectations on Charles Schwab‚Äôs (SCHW) first-quarter earnings releasing tomorrow?,2023-04-16,274,stocks
SCHW,What are some thoughts on SCHW?,2023-03-30,1,stocks
SCHW,(3/30) Thursday's Pre-Market Stock Movers &amp; News,2023-03-30,2,stocks
SCHW,Which banking stock that recently dropped do you guys think is the best to load up on?,2023-03-13,93,stocks
SCHW,(3/13) Monday's Pre-Market Stock Movers &amp; News,2023-03-13,9,stocks
SCHW,"Wall Street Week Ahead for the trading week beginning March 13th, 2023",2023-03-10,15,stocks
SCHW,(1/19) Thursday's Stock Market Movers &amp; News,2023-01-19,25,stocks
SCHW,Maybe BAC BK SCHW results triggered another sucker rally.,2022-10-17,1,stocks
SCHW,Sectors that benefit from rising interest rates,2022-07-28,0,stocks
SCHW,(7/25) Monday's Pre-Market Stock Movers &amp; News,2022-07-25,11,stocks
SCHW,Earnings Next Week To Watch Out For,2022-07-15,83,stocks
SCHW,Retail traders haven‚Äôt given up on the stock market ‚Äî and that could mean it has further to fall,2022-06-23,142,stocks
SCHW,(6/21) Tuesday's Pre-Market Stock Movers &amp; News,2022-06-21,18,stocks
SCHW,Stocks that benefit from rising interest rates,2022-01-10,0,stocks
SCHW,"Here is a Market Recap for today Friday, October 8, 2021. Please enjoy!",2021-10-08,61,stocks
SCHW,"HOOD drops after SEC's Gensler says ""Banning Payment for order flow is on the table""",2021-08-30,2351,stocks
SCHW,"Here is a Market Recap for today Monday, July 12, 2021",2021-07-12,151,stocks
SCHW,"Preparation for trading day - July 08, 2021",2021-07-08,16,stocks
SCHW,"Here is a Market Recap for today Wednesday, June 2, 2021",2021-06-02,73,stocks
SCHW,"Here is a Market Recap for today Monday, May 3, 2021",2021-05-03,61,stocks
SCHW,More and more highly capitalized stocks are reaching their ATH or yearly highs every day or every week... Are you selling those positions? Are you waiting for the momentum to slow down before shorting? Will you buy the dip when these stocks drop by -10% or -20%...?,2024-10-18,0,investing
SCHW,Analyzing the Analysts: Using average analyst price target to identify possible buying opportunities amongst the top 100 companies in the S&amp;P,2024-08-01,5,investing
SCHW,Schwab ($SCHW) - Still Undervalued - Thoughts?,2023-08-06,3,investing
SCHW,Advice on what to do with cash inside a brokerage account?,2023-07-18,0,investing
SCHW,What gives with Schwab ($SCHW)?,2023-04-03,110,investing
SCHW,"As Interest Rates Rose, Banks Did a Balance-Sheet Switcheroo (Available For Sale -&gt; Held To Maturity)",2023-03-29,518,investing
SCHW,~17% IRR on SCHW Covered Calls with 40% Downside Protection Right Now,2023-03-16,35,investing
SCHW,Why does this website show the S&amp;P P/E ratio as 24.80 when if you obey market cap weights it's 34x?,2022-01-27,0,investing
SCHW,Citigroup Top 50 Holdings,2021-06-25,18,investing
SCHW,Charles Schwab (schw) about to explode,2021-02-17,66,investing
SCHW,"If you had to pick a stock simply based off your personal experiences with the company, what company would you buy?",2020-05-17,53,investing
SCHW,Online brokerages might go through the roof due to Q1 earnings,2020-04-14,7,investing
SCHW,AMTD and SCHW as long term buy/hold,2020-03-06,0,investing
SCHW,Creating your own index fund,2019-10-03,67,investing
SCHW,"GURU vs Titan, 12 month review",2019-06-02,7,investing
SCHW,Schwab Stock Advice,2019-04-27,0,investing
SCHW,Would anyone invest in a West Coast ETF?,2017-04-27,1,investing
SCHW,stockAday: Dark clouds overhead at BlackRock? ($BLK),2016-07-08,23,investing
SCHW,Yahoo Finance: Bad sign? Retail investors all in: TD Ameritrade,2015-04-30,11,investing
SCHW,20 stocks making new 6wk highs,2013-07-10,3,investing
SCHW,Calls on Luigi?,2025-04-08,3060,wallstreetbets
SCHW,Trump Media $DJT expand into financial services; shares up,2025-01-29,0,wallstreetbets
SCHW,"‚ÄúHey Wife, look what I did today at work!‚Äù -JPOW",2024-12-18,7582,wallstreetbets
SCHW,IBKR- Best Brokerage To Invest In,2024-10-04,14,wallstreetbets
SCHW,The Worst Start of August Since January 2016,2024-08-08,12,wallstreetbets
SCHW,How Terrifying is the Start of August?,2024-08-06,19,wallstreetbets
SCHW,Fed Olympics,2024-08-03,4686,wallstreetbets
SCHW,Stolen from a Seinfeld facebook group,2024-08-02,2405,wallstreetbets
SCHW,SCHW cash sweep accounts.,2024-07-18,9,wallstreetbets
SCHW,"Is $SCHW a short seller target or did the ""genius"" CEO say too much about needing to shrink the bank subsidiary. Falling like rock stock?",2024-07-18,11,wallstreetbets
SCHW,Today‚Äôs Close üßØüöí‚õΩÔ∏è,2024-07-17,410,wallstreetbets
SCHW,S&amp;P 500 Sectors Today - This is Why Funds Have Been Dumping Tech Stocks For Weeks,2024-07-17,1020,wallstreetbets
SCHW,A year of Gainz,2024-02-16,40,wallstreetbets
SCHW,"we are at the top, why is not all green?",2024-02-08,18,wallstreetbets
SCHW,My bad guys. Purchased a put option the other day‚Ä¶,2023-11-15,3494,wallstreetbets
SCHW,Value stocks cheat sheet,2023-10-30,274,wallstreetbets
SCHW,I should have known is Friday 13th...,2023-10-13,135,wallstreetbets
SCHW,"PUT gains, from the guy that predicted another 1929 crash",2023-10-05,17,wallstreetbets
SCHW,Is this what it takes?,2023-10-03,1130,wallstreetbets
SCHW,none of us will ever be able to find out,2023-09-26,1289,wallstreetbets
SCHW,Top losers in SPY YTD,2023-09-25,481,wallstreetbets
SCHW,Hats off to the bulls today. Hope everyone made money!,2023-08-29,826,wallstreetbets
SCHW,One of these things is not like the others... Market close 08/25/2023,2023-08-25,153,wallstreetbets
SCHW,$SCHW - DD - Schwab heading for insolvency?,2023-08-25,25,wallstreetbets
SCHW,"To Sail Forbidden Seas, $HOOD - Q2/23 ER Guess",2023-07-19,102,wallstreetbets
SCHW,"Most Anticipated Earnings Releases for the week beginning July 17th, 2023",2023-07-14,735,wallstreetbets
SCHW,Commercial Real Estate Crash getting bigger in a month and time to surf the down fall,2023-06-19,43,wallstreetbets
SCHW,$HOOD - A New Bull Market Beneficary,2023-06-16,209,wallstreetbets
SCHW,What is Skynet Trying to Tell Me?,2023-05-25,112,wallstreetbets
SCHW,Best Options report for 5/10/2023,2023-05-10,6,wallstreetbets
SCHW,Best Options report for 5/9/2023,2023-05-09,11,wallstreetbets
SCHW,$SCHW is either insolvent or crippled. See you below $8.,2023-05-04,34,wallstreetbets
SCHW,"Mors Certa, Hora Incerta | Update to my Schwab and Met Bank DD with additional Pacwest and KRE flow",2023-05-03,14,wallstreetbets
SCHW,Time to play chicken with the debt ceiling,2023-05-03,162,wallstreetbets
SCHW,"First Republic's Less Attractive Twin | Mors Certa, Hora Incerta",2023-05-01,11,wallstreetbets
CROX,Is CROX a steal at $97? P/E of 7 with D/E ratio of 1.03 and growing 3-5%. Thoughts?,2025-02-04,50,stocks
CROX,Recent CROX stock drop,2024-10-30,27,stocks
CROX,Can you invest in a company when you despise 20% of it? $CROX,2024-08-02,15,stocks
CROX,Crocs Inc (CROX) DCF Analysis,2024-05-15,24,stocks
CROX,Looking for a good Retail ETF,2024-02-01,3,stocks
CROX,(12/12) Tuesday's Pre-Market Stock Movers &amp; News,2023-12-12,4,stocks
CROX,Crocs Stock Analysis (CROX),2023-10-16,45,stocks
CROX,Bear Case for CROX?,2023-08-11,42,stocks
CROX,"In Light of LULU, I bought more CROX",2023-06-02,22,stocks
CROX,What are your emerging retail stocks for the future?,2023-05-07,49,stocks
CROX,Review my stock choices and let's learn to build a portfolio together!,2023-05-06,0,stocks
CROX,"Wall Street Week Ahead for the trading week beginning April 24th, 2023",2023-04-21,8,stocks
CROX,"Crox( Crocs) and it‚Äôs Huge Rally. Yet, No One is Talking.",2023-04-18,7,stocks
CROX,"Short sold at one price- 126.68 avg. Today, showing a lower price- 123.98. Why?",2023-04-11,0,stocks
CROX,What are some of the best run companies?,2023-02-19,160,stocks
CROX,Is it time to sell $CROX or double down?,2023-01-11,5,stocks
CROX,What are good P/E ratios for different sectors?,2022-12-26,58,stocks
CROX,"CROX beats earnings estimates, records Q2 revenue growth of 51%",2022-08-04,85,stocks
CROX,Earnings Next Week To Watch Out For,2022-07-15,86,stocks
CROX,(7/5) Tuesday's Pre-Market Stock Movers &amp; News,2022-07-05,10,stocks
CROX,Stock Position Initiation Cheat Sheet,2022-06-14,4,stocks
CROX,"Thoughts on MU, CROX, and COF?",2022-06-05,40,stocks
CROX,"$CROX Fan here! revenue forecast $3.5B for the year, Market cap today $3.4B!!",2022-05-09,25,stocks
CROX,I have some DD on CROX i need to post so here,2022-05-08,61,stocks
CROX,(5/4) Wednesday's Pre-Market Stock Movers &amp; News,2022-05-04,25,stocks
CROX,INFLATION SALE. POST YOUR WATCH LIST!,2022-05-04,76,stocks
CROX,Be Very Careful with Robinhood Aftermarket Transactions!,2022-04-12,0,stocks
CROX,(4/4) Monday's Pre-Market Stock Movers &amp; News,2022-04-04,11,stocks
CROX,Margin acount,2022-03-31,15,stocks
CROX,Highest conviction companies,2022-03-21,10,stocks
CROX,Crocs analysis and valuation - A potential bargain? (Value $154.85 vs price $82.7) $CROX,2022-02-28,15,stocks
CROX,CROX FINALLY Hit Bottom - Here are 20 reasons I'm buying today and expecting big returns,2022-02-23,49,stocks
CROX,"CROX is beating estimates, yet stock is beaten heavy!",2022-02-16,17,stocks
CROX,CROX a buy or not?,2022-02-01,7,stocks
CROX,What are your favorite stock picks? Recommendations?,2022-01-21,5,stocks
CROX,Question on options for learning,2024-09-16,0,investing
CROX,Crocs Inc. (CROX) Analysis,2022-06-10,36,investing
CROX,"""Diversification is for idiots""",2021-06-23,0,investing
CROX,What stocks are you looking at now that the market is down big?,2020-03-18,0,investing
CROX,Search BlueMatrix for professional equity research reports?,2014-02-13,4,investing
CROX,Finding Strength Amidst Weakness,2013-07-16,1,investing
CROX,CROX YOLO 100k+,2025-02-20,24,wallstreetbets
CROX,$CROX earnings yolo $20k&gt;$9k&gt;$33k,2025-02-13,17,wallstreetbets
CROX,$CROX 2025 undervalued play ,2024-12-03,72,wallstreetbets
CROX,"200k down on options, any hope this week ?  üôèüôè",2024-10-30,7,wallstreetbets
CROX,I asked out Crocs‚Äô hot girl at the local store and she rejected me. So there‚Äôs that lol ,2024-10-29,59,wallstreetbets
CROX,Lost $19K on CROX today,2024-10-29,15,wallstreetbets
CROX,CROCS are being banned in USA Schools and I go long for it,2024-10-29,263,wallstreetbets
CROX,PYPL &amp; CROX earnings play (feat. 2 bonus lotto gambles),2024-10-28,176,wallstreetbets
CROX,Weekly Earnings thread 10/28 - 11/1,2024-10-25,596,wallstreetbets
CROX,The recorrection of the correction,2024-09-04,16,wallstreetbets
CROX,Crocs Made Me A üåà Permabear YOLO,2024-08-01,26,wallstreetbets
CROX,CROX earnings play....,2024-05-05,47,wallstreetbets
CROX,I made 80% in 2023 buying ATM Leaps on 10-15% FCF/EV yielding companies. Here is my 2024 portfolio.,2024-02-15,44,wallstreetbets
CROX,Shoulda bought calls instead üò≠‚ò†Ô∏è,2024-02-15,9,wallstreetbets
CROX,"DKNG and DASH earnings after the bell, time to print some money",2024-02-15,96,wallstreetbets
CROX,Earning plays for max tendies tonight,2024-02-14,103,wallstreetbets
CROX,CROX &amp; COIN YOLO. Holding 400k in CROX and COIN shares until earnings. any suggestions?,2024-02-12,14,wallstreetbets
CROX,CROX Upside Potential $122.17,2024-01-05,13,wallstreetbets
CROX,Wait! Another weekend? Another trade opportunity shared by Journalist: PAYPAL,2023-12-02,50,wallstreetbets
CROX,"Every since they released the sherk collab it has been calls, sherk is love sherk is life",2023-11-29,11,wallstreetbets
CROX,"$76,000 CROX play",2023-11-01,22,wallstreetbets
CROX,CROX,2023-09-25,20,wallstreetbets
CROX,Can‚Äôt make a single good trade Guh,2023-06-22,80,wallstreetbets
CROX,Nearly $10K+ on Lulu Earnings Gamble,2023-06-03,96,wallstreetbets
CROX,Best Options report for 5/26/2023,2023-05-26,11,wallstreetbets
CROX,Best Options report for 5/25/2023,2023-05-25,12,wallstreetbets
CROX,Best Options report for 5/24/2023,2023-05-24,21,wallstreetbets
CROX,Best Options report for 5/23/2023,2023-05-23,23,wallstreetbets
CROX,Best Options report for 5/22/2023,2023-05-22,44,wallstreetbets
CROX,May 23 Expiration Results Infographic,2023-05-21,35,wallstreetbets
CROX,What is happening to Crox?,2023-05-05,9,wallstreetbets
CROX,Best Options report for 5/1/2023,2023-05-01,33,wallstreetbets
CROX,Weekly Expiration Review - 23 APR 14 (Week of April 10) - Data Graphic,2023-04-14,24,wallstreetbets
CROX,Well done regards! - r/wallstreetbets posted a net gain of $2.8M in Jan 2023,2023-02-15,78,wallstreetbets
CROX,Damn google and Amazon,2023-01-26,15,wallstreetbets
DE,98% of Global Cargo Fleet Will be Subjected to Fees on Top of Tariffs when Calling on U.S. Ports Due to New Shipbuilding Levy,2025-04-18,693,stocks
DE,"My 30+ Year Global Macro Portfolio ‚Äì Designed to Survive Pandemics, Crashes, Wars‚Ä¶ and Still Grow",2025-04-17,0,stocks
DE,US Bond Market.,2025-04-11,116,stocks
DE,Time for TIPs?,2025-04-10,2,stocks
DE,"Tariffs Rolled Back, Markets Rally‚ÄîBut Nothing Has Fundamentally Changed",2025-04-09,227,stocks
DE,Which of these should I add too which should I take profits,2025-04-09,0,stocks
DE,Bloomberg- April 9th: Spain Is Pushing for EU Pivot to China to Counter Trump Tariffs,2025-04-09,332,stocks
DE,Trump triples tariffs to 90% on Chinese de minimis packages used by Shein and Temu,2025-04-09,457,stocks
DE,I don't see how China/US will de-escalate,2025-04-08,8254,stocks
DE,WARNING: The AI Party Might Be Over - Especially After This 20% Market Crash,2025-04-07,0,stocks
DE,Topix futures circuit breaker triggered,2025-04-07,46,stocks
DE,German Media pushed decoupling from US Tech,2025-04-03,225,stocks
DE,Why a China‚ÄìKorea‚ÄìJapan Free Trade Deal Would Be a Huge Win for BYD,2025-04-03,49,stocks
DE,‚ÄúLiberation Day‚Äù: Trump prepares to announce new round of customs duties but promises to be ‚Äúnice‚Äù,2025-04-01,1250,stocks
DE,What's going on with gold!?,2025-03-31,56,stocks
DE,Individually picking stocks to track a benchmark?,2025-03-26,5,stocks
DE,Volkswagen Group cooperates with Valeo and Mobileye (MBLY) to enhance driver assistance in future MQB vehicles,2025-03-25,21,stocks
DE,"Volkswagen, BMW group electric cars outsell Tesla in Europe in February",2025-03-24,802,stocks
DE,"Companies in the EU are starting to look for ways to ditch Amazon, Google, and Microsoft cloud services.",2025-03-24,10143,stocks
DE,These are the stocks on my watchlist (03/20) - TSLA is (very likely) NOT a fraud company,2025-03-20,0,stocks
DE,Trump‚Äôs Trade War 2.0: The Stocks I‚Äôm Watching,2025-03-19,251,stocks
DE,Europe's top money managers start to bring defence stocks in from the cold,2025-03-14,166,stocks
DE,Should Donald Trump Reevaluate His Tariff Policies?,2025-03-10,130,stocks
DE,Tariffs &amp; Investor Behavior ‚Äì Quick Reference,2025-03-06,12,stocks
DE,Tesla car registrations in Germany down 76% in February compared to 2024,2025-03-05,947,stocks
DE,"Microsoft data center leases slowing, analysts say, raising investor attention",2025-03-04,25,stocks
DE,Am I overlooking something with ArcelorMittal ?,2025-03-02,27,stocks
DE,"Intel delays $28 billion Ohio chip factory in New Albany again, to 2030 or 2031",2025-02-28,315,stocks
DE,What is the difference between these two call options?,2025-02-14,5,stocks
DE,(2/11) - Tuesday's Pre-Market News &amp; Stock Movers,2025-02-11,18,stocks
DE,These are the stocks on my watchlist (02/4),2025-02-04,47,stocks
DE,Est√©e Lauder Reviews Brands Amid Management Change,2025-01-27,14,stocks
DE,Deere - has run out of room to run.,2025-01-25,111,stocks
DE,Tempus AI ($TEM) - Bull Case,2025-01-22,15,stocks
DE,TH and the Trifecta of Immigration Stocks,2025-01-16,16,stocks
DE,"Trade Wars and Treasuries, or, How I Learned to Start Worrying and Watch the Bonds
(A longform ELI5 explainer on why the bond market is reacting ‚Äî and why that's dangerous)",2025-04-14,646,investing
DE,Do stock markets have an obsession with future growth?,2025-04-13,3,investing
DE,Is it a good idea to diversify into non-stocks like like Gold or BTC for nowadays?,2025-04-12,32,investing
DE,"Strategize for next week: situation speculation, gold, silver, plat, spy, BA, FXI and more",2025-04-11,0,investing
DE,"Federal Reserve post Jerome Powell, markets screwed?",2025-04-10,1035,investing
DE,"üé≠ ""Tariff Theater"": Why the 7% Rally Is a Mirage, Not a Market Rebound",2025-04-09,369,investing
DE,"Sometimes, not losing is winning",2025-04-04,11,investing
DE,Invest in ETFs: SPYD vs VUAA,2025-04-04,0,investing
DE,Need help with my portfolio,2025-03-31,3,investing
DE,üì£ SEC Crypto Task Force to host four more crypto roundtables,2025-03-26,0,investing
DE,Individually picking stocks to track a benchmark?,2025-03-26,3,investing
DE,"""Past performance doesn't indicate future results"" vs ""time in the market beats timing the market""",2025-03-13,352,investing
DE,European stimulus should benefit European financial services,2025-03-07,49,investing
DE,Here‚Äôs my theory on why everyone should be buying Bitcoin.,2025-02-26,0,investing
DE,Here‚Äôs why I don‚Äôt see the stock market tanking in the next 3-4 years (practical/behavioral reasons),2025-02-21,6,investing
DE,Looking for Feedback on My 20‚Äì25 Year Leveraged &amp; Low-Volatility ETF Strategy (Europe),2025-02-16,10,investing
DE,TONIES (TNIE) Small/Micro Cap with potential?,2025-02-05,4,investing
DE,Food Dyes and Seed Oils are about to be a big topic,2025-02-04,227,investing
DE,DeFiSky Space investment firm,2025-01-27,1,investing
DE,I have a pile of CMNIX. Any reason to keep it?,2025-01-26,14,investing
DE,Foreign ETFs/Stocks and Dollar depreciation question.,2025-01-17,9,investing
DE,It's Time To Call Bullshit - Quantum,2025-01-16,79,investing
DE,Investir no SP500 na europa,2025-01-13,0,investing
DE,Honest question: Does stablecoin/crypto yield have any place in a ‚Äúsmart‚Äù investment strategy?,2025-01-12,0,investing
DE,Is the Renewable Energy Sector Now Completely Uninvestable? (TAN ICLN),2024-12-22,7,investing
DE,Crypto and Blockchain! Does it earn a place in your portfolio?,2024-11-24,0,investing
DE,More and more highly capitalized stocks are reaching their ATH or yearly highs every day or every week... Are you selling those positions? Are you waiting for the momentum to slow down before shorting? Will you buy the dip when these stocks drop by -10% or -20%...?,2024-10-18,0,investing
DE,Financials API for European Stocks? ,2024-10-17,0,investing
DE,Why does using a HELOC to buy real estate make sense but using it to buy a REIT (or other security) not?,2024-10-15,0,investing
DE,Is there an opportunity in Air Canada?,2024-09-30,5,investing
DE,Accumulating vs Distributing ETF?,2024-09-25,4,investing
DE,Strategies to de-densify $1m in employee stocks,2024-09-12,13,investing
DE,"This September Mexico's Rule of Law could disappear, and how could this affect foreign investment?",2024-08-25,0,investing
DE,How to buy and trade US treasury bonds?,2024-08-08,68,investing
DE,Analyzing the Analysts: Using average analyst price target to identify possible buying opportunities amongst the top 100 companies in the S&amp;P,2024-08-01,5,investing
DE,The American Dream: Opportunity  $VFC,2025-04-17,20,wallstreetbets
DE,Calls on Luigi?,2025-04-08,3057,wallstreetbets
DE,"6.6K Mini YOLO on $DE Puts, China Tariff",2025-04-08,33,wallstreetbets
DE,EU Commission may close European market for US goods - El Pa√≠s,2025-04-03,546,wallstreetbets
DE,"Trump considering revoking tariff exemptions for cheap shipments from China, Reuters reports",2025-04-02,1235,wallstreetbets
DE,Bulls vs bears at shoe department of Walmart,2025-04-01,489,wallstreetbets
DE,"Long story, short banks",2025-03-27,159,wallstreetbets
DE,$DIA El-Erian says fast money‚Äôs de-leveraging is behind us,2025-03-24,38,wallstreetbets
DE,"Volkswagen, BMW group electric cars outsell Tesla in Europe in February",2025-03-24,4214,wallstreetbets
DE,Every single FED‚Äôs conference should look like this,2025-03-19,4288,wallstreetbets
DE,CRISPR Tx DD,2025-03-18,31,wallstreetbets
DE,DD: Most Undervalued Mid-Cap (CORZ) (very long and detailed analysis),2025-03-12,19,wallstreetbets
DE,"$IONQ AND $RGTI - Why NVIDIA Quantum Day is their ""Red Wedding"" Event",2025-03-11,102,wallstreetbets
DE,LLY 267k Long Position - A Dual-Catalyst Driven ~4X Play,2025-03-05,43,wallstreetbets
DE,"Earnings Day! Nordstrom (JWN) ‚Äì A Perfect Storm of Challenges, with Ryan Cohen and the a possible Kansas City Shuffle in Play?",2025-03-04,0,wallstreetbets
DE,When will you taste the üåà,2025-03-04,47,wallstreetbets
DE,Next up for EU sovereignty: cloud computing,2025-03-03,34,wallstreetbets
DE,Go home $NVDA you're drunk,2025-02-27,144,wallstreetbets
DE,Can‚Äôt always post wins ü§∑‚Äç‚ôÇÔ∏è,2025-02-26,192,wallstreetbets
DE,"RKLB: $106K -&gt; $662K, started buying 2 years ago, took small profits but now holding until Neutron",2025-02-19,864,wallstreetbets
DE,$278k+ in LUNR. Here‚Äôs how to play,2025-02-18,1431,wallstreetbets
DE,Guh RDDT YOLO,2025-02-13,21,wallstreetbets
DE,"Huge Pension Buys Super Micro, Palantir, and Target Stock. It Sold Chipotle.",2025-02-09,291,wallstreetbets
DE,GOOG DD,2025-02-08,565,wallstreetbets
DE,US President Donald Trump: ‚ÄúI will announce reciprocal tariffs next week on many countries‚Äù,2025-02-07,6678,wallstreetbets
DE,"More electric cars sold in Europe, but Tesla takes hits everywhere",2025-02-07,1144,wallstreetbets
DE,Sensationschance 2025 mit 1.000%,2025-02-07,1,wallstreetbets
DE,PUTS ON $UPS ? Claims of Over Charges on Brokerage Fees Deja VU,2025-02-07,19,wallstreetbets
DE,BULLISH on CLSK's Earnings Today 2/6/25,2025-02-06,27,wallstreetbets
DE,I hold both $PLTR Palantir and $BB Blackberry. Why I'm confident Blackberry will be the next Palantir,2025-02-04,78,wallstreetbets
DE,Drop gains,2025-02-03,65,wallstreetbets
DE,‚ÄúIt‚Äôs different this time‚Äù,2025-01-30,31444,wallstreetbets
DE,"One of us, One of us",2025-01-28,53,wallstreetbets
DE,$RKLB the dough maker,2025-01-24,724,wallstreetbets
DE,Rumors of HUMA's demise are greatly exaggerated,2025-01-10,113,wallstreetbets
FANG,I compiled a list of all 190 stocks and funds from the September 2024 Quarterly Thread,2024-10-20,0,stocks
FANG,"Once a Hot Stock-Market Trend Has a Name, Its Best Days Are Likely to be over",2024-03-01,155,stocks
FANG,Diamondback energy (FANG) to merge with Endeavor Energy,2024-02-12,23,stocks
FANG,"Wall Street Week Ahead for the trading week beginning December 18th, 2023",2023-12-15,10,stocks
FANG,What are your candidates for stocks that might perform in the next decade the way FANG did the past decade?,2023-11-08,253,stocks
FANG,Is this a stupid strategy?,2023-09-01,55,stocks
FANG,Is Fang still an option?,2023-08-13,41,stocks
FANG,White House announces a refill of the SPR,2023-05-16,1,stocks
FANG,"Wall Street Week Ahead for the trading week beginning March 27th, 2023",2023-03-24,8,stocks
FANG,(3/7) Tuesday's Pre-Market Stock Movers &amp; News,2023-03-07,10,stocks
FANG,"When to Get Out of Oil Stocks? XOM, COP and CVX",2023-01-25,27,stocks
FANG,FNGU performance not adding up correctly?,2023-01-04,3,stocks
FANG,What stocks do your children own?,2022-12-16,2,stocks
FANG,Diamond Back Energy for the win (FANG),2022-10-30,4,stocks
FANG,"The stocks with the biggest pre-market moves, PepsiCo, Intel, Philips, etc. Is that what you dreamed of last night?",2022-10-12,370,stocks
FANG,(10/12) Wednesday's Pre-Market Stock Movers &amp; News,2022-10-12,11,stocks
FANG,(9/7) Wednesday's Pre-Market Stock Movers &amp; News,2022-09-07,11,stocks
FANG,So lets be honest: how much cash you have left after this rally?,2022-07-29,11,stocks
FANG,Conditions Are Ripe for a Deep Bear Market,2022-05-30,1530,stocks
FANG,"Wall Street Week Ahead for the trading week beginning May 16th, 2022",2022-05-14,33,stocks
FANG,(5/4) Wednesday's Pre-Market Stock Movers &amp; News,2022-05-04,27,stocks
FANG,Many Index funds &amp; mutual funds overly relying on FANG and tech. Now what?,2022-04-10,35,stocks
FANG,"Wall Street Week Ahead for the trading week beginning March 28th, 2022",2022-03-25,22,stocks
FANG,Stock picks for Income Generation using CSPs,2022-03-17,3,stocks
FANG,Oil Executives And Insiders Are Selling,2022-03-09,145,stocks
FANG,Anyone else think the dip on semiconductors will be a once in a decade opportunity to build wealth?,2022-02-12,1767,stocks
FANG,Does selling individual stocks to reinvest into ETFs make sense?,2022-02-10,16,stocks
FANG,Am I missing where Apple was removed from FAANG?,2022-02-06,0,stocks
FANG,Why not Amazon split?,2022-02-02,0,stocks
FANG,Number of Mid-Large Caps with P/S over 30,2022-01-24,40,stocks
FANG,"Wall Street Week Ahead for the trading week beginning January 24th, 2022",2022-01-22,42,stocks
FANG,What are the best growth ETFs to invest in right now?,2022-01-11,6,stocks
FANG,"Of all the beaten down stocks since November, which ones would you rate as reasonably safe bets over the next 1/2/3/4/5 years?",2022-01-05,43,stocks
FANG,"Here is a Market Recap for today Tuesday, December 7, 2021. Please enjoy!",2021-12-07,196,stocks
FANG,"Here is a Market Recap for today Tuesday, Nov 30, 2021. Please enjoy!",2021-11-30,180,stocks
FANG,S&amp;P 500 Future Returns question,2025-02-08,0,investing
FANG,Investing in AI with a 10-20 year horizon.,2024-11-26,73,investing
FANG,Is individual stocks buying worth it? ,2024-09-04,0,investing
FANG,"Once a Hot Stock-Market Trend Has a Name, Its Best Days Are Likely too late",2024-03-01,0,investing
FANG,Berkshire Hathaway question,2024-02-19,0,investing
FANG,Conditions Are Ripe for a Deep Bear Market,2022-05-30,0,investing
FANG,Stock picks for Income generation and boosted returns in 2022,2022-03-17,0,investing
FANG,Many of the largest most successful technology companies in the 1980s and 1990s died in the tech crash of 2000-2003 and never really recovered,2022-02-05,864,investing
FANG,Why does this website show the S&amp;P P/E ratio as 24.80 when if you obey market cap weights it's 34x?,2022-01-27,0,investing
FANG,Number of Mid-Large Caps with P/S over 30,2022-01-24,253,investing
FANG,P/S over 30 is still incredibly risky.,2022-01-08,52,investing
FANG,Is there any kind of black swan event that could crash the entire tech sector?,2021-11-19,39,investing
FANG,Are leveraged funds worth it? Probably.,2021-07-04,44,investing
FANG,"S&amp;P 500 Flirts With Record, But 'Overbought' Jitters Keep Lid on Gains",2021-04-06,35,investing
FANG,Watch your P/S Ratio. P/S over 30 is incredibly risky.,2021-02-23,429,investing
FANG,Nasdaq vs S&amp;P 500 Next Decade,2021-02-06,80,investing
FANG,What I am doing and why,2020-12-21,0,investing
FANG,Weren't plenty of tech firms profitable before the dot com crash?,2020-09-03,0,investing
FANG,Interactive Tactyc dashboards for FANG + AAPL + MSFT valuations based on Damodaran's latest models,2020-08-21,1,investing
FANG,"What paid services are actually worth it? I have used Motley Fools,Zack,MywallSt",2020-08-13,21,investing
FANG,What would it take for you to sell your positions in one of the FANG companies?,2020-07-16,0,investing
FANG,"2 weeks until earnings , you still have time",2020-07-10,13,investing
FANG,Stock Price Drawdown Analysis,2020-05-29,2,investing
FANG,"New investor looking for "" wave two"" index",2020-05-17,0,investing
FANG,FANG call - sell before earnings today or hold?,2020-05-04,0,investing
FANG,Thoughts on FANG ERI,2020-04-29,0,investing
FANG,FANG CVX support,2020-04-21,0,investing
FANG,Subsidiary Risk,2020-04-17,2,investing
FANG,For All Of You FANG Fans,2020-04-16,34,investing
FANG,Ideas once you decide to dip back in - don't want to buy SPY because it could be weighed down by the laggards. Better targted funds? other ideas?,2020-04-01,15,investing
FANG,"Ideanomics Provides Update, Including Coronavirus Impact",2020-03-10,0,investing
FANG,"""Crude has become a bigger problem for markets than the Coronavirus""",2020-03-08,61,investing
FANG,Need advice on UWT and FANG,2020-03-08,1,investing
FANG,Diamondback Energy (FANG) trading $32 below its BV/share,2020-03-06,24,investing
FANG,Why does Cramer get such a bad rap around here?,2020-02-12,0,investing
FANG,one of the presidents of all time,2025-04-07,11,wallstreetbets
FANG,Weekly Earnings Thread 2/24 - 2/28,2025-02-21,392,wallstreetbets
FANG,$SHOP to the moon?,2024-10-29,17,wallstreetbets
FANG,Diamondback Energy (FANG) Leaps | $100 Oil Bull Case | Thematic,2024-08-29,18,wallstreetbets
FANG,How many stocks?,2024-06-17,0,wallstreetbets
FANG,FANG - The Hidden Gem in the Oil Patch About to Explode? üöÄüöÄ,2024-04-25,25,wallstreetbets
FANG,ALCC to acquire OKLO Inc -- Sam Altman (CEO of Open AI) taking 10+ year old Nuclear Fission company public,2024-04-03,160,wallstreetbets
FANG,Energy: Just Hear Me Out,2024-02-12,25,wallstreetbets
FANG,can you retire on 7 trillion dollars?,2024-02-10,275,wallstreetbets
FANG,"Google just lost an anti trust. The prosecutor, William Tong is cheered as said he's coming for all of Big Tech.Expect Big Tech Law Suits.",2023-12-20,31,wallstreetbets
FANG,"I may not be a hedge fund manager, but in the 'game' of CSGO, one can expect a 763% ROI after waiting for 2.5 years, tax-free in Germany!?",2023-09-27,40,wallstreetbets
FANG,Rate hikes are environmentally friendly,2023-06-19,22,wallstreetbets
FANG,Current State of Stock Option Trading,2023-06-03,143,wallstreetbets
FANG,Talk me out of buying puts on NFLX tomorrow after horrific earnings 2 quarters in a row! 20% decline in earnings for 3.7% growth,2023-04-18,267,wallstreetbets
FANG,"Insider Trading Weekly Update #028: $DASH CEO, CFO Dump Company Stock, Largest Trades Overall + By Market Sector From The Past Week",2023-03-01,7,wallstreetbets
FANG,Thank goodness.. FANGs will survive now..,2023-01-31,83,wallstreetbets
FANG,13 stocks with bullish signals &amp; 150 stocks with bearish signals from US markets,2023-01-19,20,wallstreetbets
FANG,If Jim Cramer lived in the..,2022-11-08,21,wallstreetbets
FANG,Diamondback Energy for the Win. (FANG),2022-10-30,7,wallstreetbets
FANG,Why META falls?,2022-10-27,0,wallstreetbets
FANG,The Bull Case for Oil,2022-09-30,19,wallstreetbets
FANG,BBBY Loss recovery. New strategy: Take profit,2022-09-17,37,wallstreetbets
FANG,Why I'm getting SQ calls for tonight's earnings.,2022-08-04,37,wallstreetbets
FANG,"1-week DD: Energy, Oil, earnings, and SPY.",2022-07-30,16,wallstreetbets
FANG,Wall Street Vampires Have Now Plunged Their Fangs into Every FAANG Stock!,2022-06-03,23,wallstreetbets
FANG,RiP Fang. RECESSION INCOMING SPY TO 200,2022-04-26,74,wallstreetbets
FANG,FANG minus N,2022-04-20,734,wallstreetbets
FANG,The market has lost its FANGs,2022-04-20,73,wallstreetbets
FANG,Cathie Wood is truly delusional,2022-02-19,324,wallstreetbets
FANG,Vampire Fangs' Next Target Are Fat &amp; Juicy FAANG Stocks,2022-01-26,3,wallstreetbets
FANG,"Profits are for Losers, Growth is for Winners",2021-11-30,63,wallstreetbets
FANG,"Most Anticipated Earning Releases for the week beginning November 1st, 2021 - it's a big one!",2021-10-30,75,wallstreetbets
FANG,Chinese Education Stock Idea - EDU (Time to Long is NOW!),2021-07-25,117,wallstreetbets
FANG,ETFs with Investments in SP500 Winners of 7/14/2021,2021-07-14,8,wallstreetbets
FANG,SP500 Winners and Losers | 7/7/2021,2021-07-08,3,wallstreetbets
TMUS,"Lurker for about a year, still new, but only now found a weird trend",2025-04-03,2,stocks
TMUS,These are the stocks on my watchlist (02/10),2025-02-10,32,stocks
TMUS,(1/29) - Wednesday's Pre-Market News &amp; Stock Movers,2025-01-29,14,stocks
TMUS,Apple and SpaceX Link Up to Support Starlink Satellite Network on iPhones,2025-01-29,40,stocks
TMUS,Analyzing the Analysts: Using average analyst price target to identify buying opportunities amongst the top 100 companies in the S&amp;P,2024-08-01,20,stocks
TMUS,The ending of Google's monopoly trial has Silicon Valley on edge,2024-05-05,468,stocks
TMUS,What defensive stock you own in your portfolio?,2024-02-22,71,stocks
TMUS,T-Mobile - Merger with Sprint,2023-07-28,333,stocks
TMUS,(6/8) Thursday's Pre-Market Stock Movers &amp; News,2023-06-08,12,stocks
TMUS,(4/28) Friday's Pre-Market Stock Movers &amp; News,2023-04-28,11,stocks
TMUS,(2/6) Monday's Pre-Market Stock Movers &amp; News,2023-02-06,5,stocks
TMUS,Big earnings week!,2022-10-23,160,stocks
TMUS,"Jim Cramer's, 04/14 Mad Money Stock Recommendations",2022-04-18,42,stocks
TMUS,(2/3) Thursday's Pre-Market Stock Movers &amp; News,2022-02-03,7,stocks
TMUS,What are your favorite stock picks? Recommendations?,2022-01-21,5,stocks
TMUS,When to sell stocks,2022-01-02,0,stocks
TMUS,VZ -- and the search for pricing errors in the market,2021-12-15,4,stocks
TMUS,(11/3) Wednesday's Pre-Market Stock Movers &amp; News,2021-11-03,22,stocks
TMUS,(11/2) Tuesday's Pre-Market Stock Movers &amp; News,2021-11-02,10,stocks
TMUS,(11/1) Monday's Pre-Market Stock Movers &amp; News,2021-11-01,18,stocks
TMUS,"Here is a Market Recap for today Monday, August 2, 2021",2021-08-02,270,stocks
TMUS,"Preparation for trading day - August 02, 2021",2021-08-02,26,stocks
TMUS,"Preparation for trading day - July 19, 2021",2021-07-19,19,stocks
TMUS,"Preparation for trading day - June 25, 2021",2021-06-25,19,stocks
TMUS,"Here is a Market Recap for today Monday, April 19, 2021",2021-04-19,104,stocks
TMUS,Biden's Infrastructure plan and who benefits?,2021-03-31,458,stocks
TMUS,(3/30) Tuesday's Pre-Market Stock Movers &amp; News,2021-03-30,25,stocks
TMUS,(2/25) Thursday's Pre-Market Stock Movers &amp; News,2021-02-25,32,stocks
TMUS,T Mobile powering your wife‚Äôs Netflix addiction,2021-01-22,3,stocks
TMUS,"Today's Pre-Market Movers &amp; News [Thursday, January 7th, 2021]",2021-01-07,11,stocks
TMUS,Contributing to a portfolio monthly,2020-12-28,7,stocks
TMUS,Market and Options Summary for Nov-06-2020,2020-11-06,2,stocks
TMUS,5G Stocks,2020-08-10,22,stocks
TMUS,Clearing up short options misconceptions -- advice from someone with immense success,2020-08-09,6,stocks
TMUS,TMUS,2020-07-22,1,stocks
TMUS,Customer experience into stock evaluation ,2024-11-09,1,investing
TMUS,More and more highly capitalized stocks are reaching their ATH or yearly highs every day or every week... Are you selling those positions? Are you waiting for the momentum to slow down before shorting? Will you buy the dip when these stocks drop by -10% or -20%...?,2024-10-18,0,investing
TMUS,Analyzing the Analysts: Using average analyst price target to identify possible buying opportunities amongst the top 100 companies in the S&amp;P,2024-08-01,5,investing
TMUS,Correction is complete and wait for cal,2022-12-07,0,investing
TMUS,What are the chances the S&amp;P500 is headed to 2400 over the next 18 months and are you prepared for it mentally?,2022-10-02,0,investing
TMUS,"Jim Cramer's, 04/14 Mad Money Stock Recommendations",2022-04-18,1,investing
TMUS,Why does this website show the S&amp;P P/E ratio as 24.80 when if you obey market cap weights it's 34x?,2022-01-27,0,investing
TMUS,Making sense of the record-breaking 5G spectrum auction,2021-02-28,11,investing
TMUS,Forgoing instant gratification for long term rewards!,2020-09-06,244,investing
TMUS,T-Mobile vs. T-Mobile Rights,2020-06-27,3,investing
TMUS,What will be the next generation of stocks like Amazon?,2020-02-16,0,investing
TMUS,How does Robinhood compare to a platform like Fidelity Investments?,2020-01-02,2,investing
TMUS,100K in 5G ideas?,2019-12-10,8,investing
TMUS,Creating your own index fund,2019-10-03,66,investing
TMUS,"Trimming portfolio, what should I dump?",2019-08-14,1,investing
TMUS,T-Mobile Wins U.S. Nod for Sprint Deal With Plan to Create Rival,2019-07-26,35,investing
TMUS,"Why does Q4 profits account for almost 50% of year end profits? (T, TMUS, VZ)",2019-01-10,1,investing
TMUS,Which stock has the most upside with a 20 year outlook?,2018-12-12,5,investing
TMUS,Can someone help explain the drop on TMUS in reference to the Sprint merger talks and great Q1 results?,2018-05-03,2,investing
TMUS,Anyone else notice TMUS gaining momentum in recent days? Mine was dead money for several months ... until recently. Any thoughts?,2018-01-09,1,investing
TMUS,stockAday: In Verizon calling you? $VZ,2017-05-15,21,investing
TMUS,Would anyone invest in a West Coast ETF?,2017-04-27,0,investing
TMUS,Thoughts on T Mobile (TMUS),2017-04-20,1,investing
TMUS,Another potential merger: Softbank preparing to push for T-Mobile/Sprint merger,2017-02-17,2,investing
TMUS,Risky Stock Picks For Today,2017-02-14,3,investing
TMUS,stockAday: Sprint for the door? ($S),2016-10-06,15,investing
TMUS,Thoughts on TMUS? It's been sliding down 10% now for the past couple months.,2015-12-03,4,investing
TMUS,Critique my stock portfolio üôå,2015-10-04,9,investing
TMUS,Apple Makes Wireless Carriers Take Notice,2015-09-14,7,investing
TMUS,[DISCUSSION] DISH to buy T-Mobile?,2015-06-04,5,investing
TMUS,Anyone know what's up with T-Mobile this morning? $TMUS +4.6%,2015-05-21,0,investing
TMUS,T-Mobile (TMUS) on track to surpass Sprint (S) by Q3. Would now be a good time to get in on T-Mobile?,2015-02-20,1,investing
TMUS,Best tip on a stock you have got from this reddit?,2014-11-04,0,investing
TMUS,Thoughts on T-Mobile (Tmus),2014-10-23,25,investing
TMUS,Question about the Sprint (S) &amp; T-Mobile (TMUS) Merger/Buyout.,2014-06-05,2,investing
TMUS,Calls on Luigi?,2025-04-08,3056,wallstreetbets
TMUS,üëÄ,2025-03-15,27534,wallstreetbets
TMUS,Weekly Earnings Thread 1/27 - 1/31,2025-01-24,598,wallstreetbets
TMUS,GUH,2024-12-18,19,wallstreetbets
TMUS,UNH is fighting for it‚Äôs life in the trenches,2024-12-18,544,wallstreetbets
TMUS,The Millenial 40 (MILF) List,2024-08-22,132,wallstreetbets
TMUS,How many of you bought the dip and quit wendy‚Äôs?,2024-08-09,9051,wallstreetbets
TMUS,The Worst Start of August Since January 2016,2024-08-08,13,wallstreetbets
TMUS,Stolen from a Seinfeld facebook group,2024-08-02,2397,wallstreetbets
TMUS,Today‚Äôs Close üßØüöí‚õΩÔ∏è,2024-07-17,412,wallstreetbets
TMUS,S&amp;P 500 Sectors Today - This is Why Funds Have Been Dumping Tech Stocks For Weeks,2024-07-17,1020,wallstreetbets
TMUS,TMUS to the moon ? (Massive ATT data leak + lawsuits incoming,2024-07-17,9,wallstreetbets
TMUS,Mag 7 hit hard,2024-07-11,1264,wallstreetbets
TMUS,To all that made bank off NVDA pootsüçª,2024-06-22,53,wallstreetbets
TMUS,The market is NVDA. Put everything on NVDA and retire. Unstoppable stock,2024-06-14,2222,wallstreetbets
TMUS,"Consumer Apparel one month view, list on right side. Lulu oversold?",2024-06-05,62,wallstreetbets
TMUS,Our current state,2024-06-04,191,wallstreetbets
TMUS,Could PLTR go on a TSLA-like Run (70%) if Included in SP500?,2024-06-03,68,wallstreetbets
TMUS,Please don't put a pin in that balloon,2024-05-23,5120,wallstreetbets
TMUS,T-Mobile to raise prices of each line by $2 to $5 per month,2024-05-22,52,wallstreetbets
TMUS,Sea of blood,2024-04-10,36,wallstreetbets
TMUS,"Form 4 Aggregate Trade Volume, last 7 days",2024-03-02,13,wallstreetbets
TMUS,"we are at the top, why is not all green?",2024-02-08,16,wallstreetbets
TMUS,Nobody asked but I averaged Altman‚Äôs Z-Score for every public company (Ex financials/SPACS/Holdcos) and the results are not great.,2024-01-16,22,wallstreetbets
TMUS,My bad guys. Purchased a put option the other day‚Ä¶,2023-11-15,3500,wallstreetbets
TMUS,Large Insider Buying at LUMN,2023-11-07,4,wallstreetbets
TMUS,Value stocks cheat sheet,2023-10-30,281,wallstreetbets
TMUS,They call me the stock picker,2023-10-27,266,wallstreetbets
TMUS,I should have known is Friday 13th...,2023-10-13,138,wallstreetbets
TMUS,Hats off to the bulls today. Hope everyone made money!,2023-08-29,825,wallstreetbets
TMUS,One of these things is not like the others... Market close 08/25/2023,2023-08-25,148,wallstreetbets
TMUS,"$DISH ""Boost Wireless"" + $AMZN Prime will re-define the future of wireless. Huge call option buying over the past few days. üê≥üîÆ",2023-07-25,83,wallstreetbets
TMUS,What is Skynet Trying to Tell Me?,2023-05-25,113,wallstreetbets
TMUS,Best Options report for 5/19/2023,2023-05-19,12,wallstreetbets
TMUS,4/20 Yearly ASTS Update - Mixed bag or Future winner?,2023-04-20,118,wallstreetbets
PLTR,"The alliance of SpaceX, Palantir, and Anduril are frontrunners for Trump‚Äôs Golden Dome",2025-04-18,189,stocks
PLTR,Palantir stock jumps after NATO finalizes purchase of AI military system,2025-04-14,57,stocks
PLTR,Am I in a good position?,2025-04-12,0,stocks
PLTR,Interesting Stocks Today (03/31),2025-03-31,2,stocks
PLTR,"Wedbush analyst Dan Ives sharpened his criticism of how Elon Musk is running Tesla Inc., saying the electric-vehicle giant‚Äôs chief executive",2025-03-20,220,stocks
PLTR,Trump‚Äôs Trade War 2.0: The Stocks I‚Äôm Watching,2025-03-19,255,stocks
PLTR,Reddit picks winners!,2025-02-27,0,stocks
PLTR,These are the stocks on my watchlist (02/25),2025-02-25,84,stocks
PLTR,One word Data,2025-02-24,32,stocks
PLTR,11 Low-debt stocks with high FCF conversion and revenue growth,2025-02-20,9,stocks
PLTR,(2/20) - Thursday's Pre-Market News &amp; Stock Movers,2025-02-20,10,stocks
PLTR,How to deal with the fear of a crash and a lost decade?,2025-02-19,0,stocks
PLTR,Portfolio Advice - 30yo and married,2025-02-18,0,stocks
PLTR,When to place PLTR puts?,2025-02-16,0,stocks
PLTR,Any heard of/had experience with ADPV?,2025-02-16,5,stocks
PLTR,C3.ai - what‚Äôs going on with this stock ?,2025-02-16,70,stocks
PLTR,These are the stocks on my watchlist (02/12),2025-02-12,6,stocks
PLTR,Selling PLTR &amp; RKLB?,2025-02-11,9,stocks
PLTR,These are the stocks on my watchlist (02/11),2025-02-11,42,stocks
PLTR,Advise on stocks for short term high growth,2025-02-09,0,stocks
PLTR,"Quarter gone by, since the US elections",2025-02-08,358,stocks
PLTR,Palantir investors: let's do a thought experiment!,2025-02-07,210,stocks
PLTR,These are the stocks on my watchlist (02/4),2025-02-04,43,stocks
PLTR,What Happened to the Hype Stocks from 2022? Why Did the Sentiment Shift So Drastically now again?,2025-02-04,49,stocks
PLTR,Did You Buy Any Stocks On Monday?,2025-01-30,106,stocks
PLTR,"Single, retired mom buys PLTR puts",2025-01-24,0,stocks
PLTR,Reddit ETF progress from Jan 2021 to Jan 2025,2025-01-23,323,stocks
PLTR,What are you top 3 picks for 2025?,2024-12-31,0,stocks
PLTR,The AI Revolution: Top 10 Tech Stocks Poised for Success in 2025,2024-12-31,0,stocks
PLTR,Wedbush Says 'Software AI Era Of Growth On The Horizon; Palantir $PLTR And Salesforce $CRM Leading The Way' ,2024-12-27,30,stocks
PLTR,"People who are taking profits from PLTR, where are you putting them?",2024-12-26,397,stocks
PLTR,"Palantir and Anduril are in Talks With OpenAI, Elon Musk's SpaceX To Take On Defense Giants",2024-12-23,237,stocks
PLTR,Palantir Expands Army Vantage Partnership with $618.9M Contract,2024-12-19,158,stocks
PLTR,Annual changes to the nasdaq 100 announced,2024-12-14,351,stocks
PLTR,"Overvalued Companies (PLTR, SHOP, CRWD)",2024-12-11,95,stocks
PLTR,Fiber Optics: My Long-Term Thesis on the Most Underappreciated Backbone of the Digital Era,2025-04-16,16,investing
PLTR,Help! investment advice - struggling to know what to do with shares,2025-04-09,0,investing
PLTR,How do you realize losses from a bankrupt company?,2025-04-08,2,investing
PLTR,$1m in swvxx and $1m in stocks,2025-04-08,0,investing
PLTR,"What should I do with my investments in this market? 22 y/o, long-term focus, starting full-time work soon",2025-04-03,0,investing
PLTR,Power solutions to increase in AI production,2025-04-03,0,investing
PLTR,Investment Guidance Needed,2025-03-30,0,investing
PLTR,Rate my portfolio. All in M1,2025-03-26,0,investing
PLTR,"I am looking for equities with either low current valuation and exponential growth potential, or non-U.S. with excellent value and growth. Any suggestions? My ideas are share in comments below.",2025-03-24,0,investing
PLTR,Diversify and take advantage of the dip?,2025-03-16,1,investing
PLTR,"For Investors, When Will the SPAC/Meme Stock Bubble of 2022-24 Fully Pop",2025-03-12,0,investing
PLTR,Is it just me or doordash seems like an easy short?,2025-03-12,0,investing
PLTR,"New, is what I‚Äôm doing currently ok?",2025-03-08,2,investing
PLTR,Palantir at $87: Why This Dip Is a Golden Buying Opportunity,2025-02-25,0,investing
PLTR,Time to exit or trim my positions?,2025-02-22,4,investing
PLTR,PLTR to $20 by March? Insider Sell Window Theory,2025-02-20,0,investing
PLTR,"If you had to put 10k in a Stock (not fund) Today and expected it to be 40-50k in 25-30 years, what would you choose?",2025-02-19,0,investing
PLTR,I Have $2K to Invest and Need to Cash Out in 2 Years ‚Äì Good Options?,2025-02-05,0,investing
PLTR,Can we trust chatgpt to calculate stock values?,2025-02-04,0,investing
PLTR,"Due to paralysis by analysis, all I buy is VOO.",2025-02-02,150,investing
PLTR,What riskier stocks do you believe in and why?,2025-02-01,21,investing
PLTR,"Forget beating S&amp;P500, have you guys beat QQQ over long term?",2025-01-31,169,investing
PLTR,Palantir Technologies- My first mistake,2025-01-25,0,investing
PLTR,Palantir: Overhyped Valuation and Growing Risks in a Shifting Market,2025-01-18,149,investing
PLTR,Your favourite stocks that will explode within 1-5 years?,2025-01-18,0,investing
PLTR,How much of my portfolio should I trim,2025-01-16,0,investing
PLTR,Managed account didn‚Äôt perform as expected ,2025-01-14,0,investing
PLTR,Transitioning from a Growth portfolio to Income,2025-01-07,20,investing
PLTR,PLTR - down 15% off highs. Time to buy?,2025-01-07,0,investing
PLTR,What are you top 3 picks for 2025?,2024-12-31,0,investing
PLTR,Palantir vs Databricks....,2024-12-29,7,investing
PLTR,Investing in AI and Nuclear,2024-12-27,3,investing
PLTR,My top pick among popular stock market sectors,2024-12-25,0,investing
PLTR,2x Leverage ETF Ticker List (And Short/Inverse ETFs) ,2024-12-24,7,investing
PLTR,Pick your 3 with stocks for 2025,2024-12-23,302,investing
PLTR,Why $PLTR Might Print Tendy Town Tomorrow ‚Äì Thanks to Big Daddy Gov,2025-04-16,25,wallstreetbets
PLTR,TQQQ Short Put $1140 within minutes,2025-04-09,18,wallstreetbets
PLTR,PLTR II,2025-04-07,61,wallstreetbets
PLTR,Puts putting out,2025-04-05,177,wallstreetbets
PLTR,+32k this week. Puts on‚Ä¶ everything,2025-04-05,126,wallstreetbets
PLTR,I stoped Btiching,2025-03-26,1610,wallstreetbets
PLTR,$23k Short term CALLS $56k Medium term PUTS,2025-03-25,74,wallstreetbets
PLTR,Its alive,2025-03-12,30886,wallstreetbets
PLTR,Gains,2025-03-11,56,wallstreetbets
PLTR,Your favorite üåàüêª +80k,2025-03-10,339,wallstreetbets
PLTR,I'm all in today,2025-03-10,2556,wallstreetbets
PLTR,Weeding Out Retail: Why Cannabis is Going Higher [DD],2025-03-05,35,wallstreetbets
PLTR,I call it ‚ÄúThe Put Portfolio‚Äù +44k,2025-02-25,582,wallstreetbets
PLTR,Closed out my last batch of PLTR puts as well as my shorts,2025-02-25,59,wallstreetbets
PLTR,"Remember kids its all about timing the market, not time in the market.",2025-02-25,2745,wallstreetbets
PLTR,-22k - The PLTR 10% nose dive guy!,2025-02-24,295,wallstreetbets
PLTR,Am I cooked?,2025-02-22,947,wallstreetbets
PLTR,Is this respectable for February??,2025-02-22,43,wallstreetbets
PLTR,"PLTR RIDE WAS GOOD, BUT...",2025-02-21,18,wallstreetbets
PLTR,6 months of trading +107k üí∞,2025-02-21,60,wallstreetbets
PLTR,Full port PLTR put,2025-02-21,70,wallstreetbets
PLTR,"BKSY BlackSky, the Most Interesting Space Stock You Haven't Heard Of",2025-02-21,170,wallstreetbets
PLTR,Caught PLTR puts right before the drop 1362%,2025-02-21,289,wallstreetbets
PLTR,NVDA yolo,2025-02-20,97,wallstreetbets
PLTR,Palantir puts,2025-02-20,58,wallstreetbets
PLTR,Thanks Trump and Karp for finally crashing pltr.,2025-02-20,13,wallstreetbets
PLTR,Thank you KARP you curly headed bastird!! my CALLS n PUTZZZ in one day were fire! like fire son!!,2025-02-20,8,wallstreetbets
PLTR,Even my battery red,2025-02-20,518,wallstreetbets
PLTR,Watch me paper hand PLTR,2025-02-20,8,wallstreetbets
PLTR,$PLTR will do a 10%+ nosedive tomorrow opening.,2025-02-20,582,wallstreetbets
PLTR,Got an extra salary in 7 minutes (Thank you $PLTR),2025-02-20,2402,wallstreetbets
PLTR,11k in 3 hours on Palantir puts ü•≤,2025-02-20,787,wallstreetbets
PLTR,"Yday my turd looked like Alex Karp, so I bought $100 PLTR puts for 7c",2025-02-19,166,wallstreetbets
PLTR,PLTR weeklies today,2025-02-19,78,wallstreetbets
PLTR,It's Been Real . I'm out PLTR . Put Printing .,2025-02-19,745,wallstreetbets
